<?xml version="1.0"?>
<window type="window" id="14000">
   <defaultcontrol always="true">120</defaultcontrol>
   <allowoverlay>no</allowoverlay>
   <onload lang="python"><![CDATA[
dreamboxee.loadTVList()
]]></onload>
   <controls>
      <control type="group">
         <animation type="WindowOpen">
            <effect type="fade" start="0" end="100" time="200" />
         </animation>
         <control type="image">
            <width>1280</width>
            <height>720</height>
            <texture>ba_background.png</texture>
         </control>
         <control type="grouplist" id="200">
             <posy>120</posy>
             <posx>30</posx>
             <ondown>120</ondown>
             <itemgap>3</itemgap>
             <orientation>horizontal</orientation>
             <control type="button" id="201">
                  <width>150</width>
                  <height>40</height>
                  <label>TV</label>
                  <font>font21b</font>
                  <align>center</align>
                  <textoffsety>7</textoffsety>
                  <aligny>top</aligny>
                  <textcolor>ffbdbdbd</textcolor>
                  <focusedcolor>ffffffff</focusedcolor>
                  <texturefocus>ba_overlay.png</texturefocus>
                  <texturenofocus>ba_overlay2.png</texturenofocus>
                  <onclick lang="python"><![CDATA[
dreamboxee.loadTVList()
]]>
</onclick>
              </control>
             <control type="button" id="202">
                  <width>150</width>
                  <height>40</height>
                  <label>Radio</label>
                  <font>font21b</font>
                  <align>center</align>
                  <textoffsety>7</textoffsety>
                  <aligny>top</aligny>
                  <textcolor>ffbdbdbd</textcolor>
                  <focusedcolor>ffffffff</focusedcolor>
                  <texturefocus>ba_overlay.png</texturefocus>
                  <texturenofocus>ba_overlay2.png</texturenofocus>
                  <onclick lang="python"><![CDATA[
dreamboxee.loadRadioList()
]]>
</onclick>
              </control>
             <control type="button" id="203">
                  <width>200</width>
                  <height>40</height>
                  <label>Aufnahmen</label>
                  <font>font21b</font>
                  <align>center</align>
                  <textoffsety>7</textoffsety>
                  <aligny>top</aligny>
                  <textcolor>ffbdbdbd</textcolor>
                  <focusedcolor>ffffffff</focusedcolor>
                  <texturefocus>ba_overlay.png</texturefocus>
                  <texturenofocus>ba_overlay2.png</texturenofocus>
                  <onclick lang="python"><![CDATA[
dreamboxee.loadRecordList()
]]>
</onclick>
              </control>
             <control type="button" id="204">
                  <width>200</width>
                  <height>40</height>
                  <label>EPG</label>
                  <font>font21b</font>
                  <align>center</align>
                  <textoffsety>7</textoffsety>
                  <aligny>top</aligny>
                  <textcolor>ffbdbdbd</textcolor>
                  <focusedcolor>ffffffff</focusedcolor>
                  <texturefocus>ba_overlay.png</texturefocus>
                  <texturenofocus>ba_overlay2.png</texturenofocus>
                  <onclick lang="python"><![CDATA[
dreamboxee.loadEPG()
]]>
</onclick>
              </control>
         </control>
         <control type="group">
            <posy>160</posy>
            <control type="image">
               <width>1280</width>
               <height>3</height>
               <texture>black.png</texture>
            </control>
            <control type="image">
               <width>1280</width>
               <height>450</height>
               <texture>ba_overlay.png</texture>
            </control>
            <control type="image">
               <posy>447</posy>
               <width>1280</width>
               <height>3</height>
               <texture>black.png</texture>
            </control>
            <control type="image">
               <posy>20</posy>
               <posx>910</posx>
               <width>355</width>
               <height>200</height>
               <info>Container(120).Listitem.thumb</info>
            </control>
            <control type="label">
               <posy>230</posy>
               <posx>1260</posx>
               <align>right</align>
               <width>500</width>
               <height>180</height>
               <info>Container(120).Listitem.property(description)</info>
               <wrapmultiline>true</wrapmultiline>
            </control>
            <control type="list" id="120">
               <posy>3</posy>
               <posx>15</posx>
               <width>700</width>
               <height>444</height>
               <onup>200</onup>
               <onleft>200</onleft>
               <scrolltime>200</scrolltime>
               <orientation>vertical</orientation>
               <itemlayout width="700" height="40">
                     <control type="label">
                        <posx>10</posx>
                        <width>680</width>
                        <height>40</height>
                        <font>font23</font>
                        <aligny>center</aligny>
                        <label>$INFO[ListItem.Label]</label>
                        <textcolor>grey</textcolor>
                     </control>
               </itemlayout>
               <focusedlayout width="600" height="40">
                  <control type="label">
                    <posx>10</posx>
                    <width>680</width>
                    <height>40</height>
                    <font>font23</font>
                    <aligny>center</aligny>
                    <label>$INFO[ListItem.Label]</label>
                    <textcolor>white</textcolor>
                    <scroll>true</scroll>
                    <visible>Control.HasFocus(120)</visible>
                  </control>
                  <control type="label">
                    <posx>10</posx>
                    <width>680</width>
                    <height>40</height>
                    <font>font23</font>
                    <aligny>center</aligny>
                    <label>$INFO[ListItem.Label]</label>
                    <textcolor>grey</textcolor>
                    <!--<scroll>true</scroll>-->
                    <visible>!Control.HasFocus(120)</visible>
                  </control>
               </focusedlayout>
               <content type="action">
                  <onclick lang="python"><![CDATA[
mc.GetPlayer().Stop()
list = mc.GetActiveWindow().GetList(120)
item = list.GetItem(list.GetFocusedItem())
mc.GetPlayer().Play(item)
]]></onclick>
               </content>
            </control>
         </control>
         <control type="label">
            <posy>680</posy>
            <posx>20</posx>
            <width>400</width>
            <font>font21</font>
            <color>white</color>
            <label>Dreamboxee Version 0.1</label>
         </control>
      </control>
   </controls>
</window>
