<app>
  <id>ch.alphaworld.dreamboxee</id>
  <name>Dreamboxee</name>
  <version>0.1</version>
  <description>Play TV from Dreambox with enigma2</description>
  <thumb>http://github.com/philiplehmann/dreamboxee/raw/master/thumb.png</thumb>
  <repository>http://dir.boxee.tv/apps</repository>
  <media>video</media>
  <copyright>Philip Lehmann</copyright>
  <email>philiplehmann@gmail.com</email>
  <type>skin</type>
  <startWindow>start</startWindow>
  <platform>all</platform>
  <minversion>0.9.21</minversion>
</app>
